Regione,Area,1995,1996,1997,1998,1999,2000,2001,2002,2003,2004,2005,2006,2007,2008,2009,2010,2011
Piemonte,Nord-Ovest,58710.78123,61647.55647,62709.65602,61720.36766,64312.0397,65027.39023,67981.92198,71435.51122,73715.08942,76861.79173,78938.85229,81983.7424,83506.78199,85441.08932,80359.17955,81656.50212,83992.68971
Valle d'Aosta - Vall√©e d'Aoste,Nord-Ovest,1720.553809,1805.519343,1854.282147,1917.123725,1964.244599,2048.790456,2221.311411,2283.464812,2350.8489,2451.727397,2476.675775,2540.594406,2605.752038,2704.646876,2542.493327,2587.300433,2617.815204
Lombardia,Nord-Ovest,130166.0739,137629.0889,140337.7466,141531.6412,146053.6795,149039.8516,156742.2936,163238.2149,167627.5269,175831.5269,181669.7057,188107.6188,193759.6248,196097.1345,189122.178,190686.1724,194830.4925
Bolzano-Bozen,Nord-Ovest,6848.859544,7283.013656,7211.632524,7356.076231,7503.579945,7807.313132,8542.647346,8759.948105,8705.609158,9360.940518,9429.072,9793.049284,10167.87376,10303.72196,10350.29341,10517.67133,10730.3448
Trento,Nord-Ovest,6291.916389,6581.860086,6618.154323,6721.742966,6971.025393,7356.791635,7625.991709,8035.351712,8146.047377,8336.123011,8537.489679,8837.15322,9306.284192,9499.564745,9383.783911,9434.845363,9596.243123
Veneto,Nord-Est,58243.88825,62319.25079,64258.15839,64312.56858,67054.56897,69687.47228,73252.29529,75358.18437,78506.45234,81694.54116,83664.59924,86767.39488,88892.12014,89147.50653,87826.08232,89317.71685,91665.24907
Friuli Venezia Giulia,Nord-Est,15870.72021,16794.68699,17260.86192,17272.93719,17720.60151,18457.01683,19256.79943,19945.99017,20732.94714,21192.84374,21657.2319,22422.45239,23378.29811,23673.36076,22944.90515,23173.80404,23597.76846
Liguria,Nord-Ovest,21510.57719,22685.73964,23180.69928,23134.79939,23663.83973,24450.72631,25741.68597,26300.15585,27207.34119,27650.41151,28671.04113,29687.60256,30727.53727,31136.93908,29519.19839,29270.43183,29928.36231
Emilia Romagna,Nord-Est,61152.86707,65102.2354,65701.6945,65057.46282,67263.53793,70219.32163,73370.25029,76221.3496,78672.752,80547.31731,82902.65871,86770.1141,90032.25407,90239.02108,86062.98073,86163.40603,88644.93061
Toscana,Centro,46202.9473,49044.31994,49509.77874,49206.74799,51091.29655,53237.03551,56171.56033,57689.81227,60218.02743,61880.5988,63176.89922,65309.01173,66497.54395,68478.8757,65885.29596,65978.78628,66958.33341
Umbria,Centro,9781.822816,10411.61512,10578.45436,10766.73233,11196.921,11640.3249,12253.67775,12554.05953,12976.31228,13742.64931,13928.65064,14287.0984,14658.28612,15099.88008,14464.48285,14752.28219,14916.3541
Marche,Centro,17738.68617,18972.39785,19191.73601,19140.77054,19882.84357,20536.81009,21582.53582,22579.02764,23257.44431,24044.02073,24960.05279,25925.10736,26769.86015,27341.13545,26353.94548,26931.05786,27327.4184
Lazio,Centro,63670.88875,66930.25514,68507.27042,68526.82664,69712.65135,72606.81195,77750.08518,82207.11702,85336.57864,89473.49955,91976.78114,94426.39272,99378.64306,101925.4988,100383.2299,102683.1039,103799.484
Abruzzo,Sud,12255.1746,13151.13467,13330.50902,13418.57684,13614.07556,14348.20917,15410.63909,15982.57675,16251.74581,16232.84845,16936.70315,17577.18328,18346.35645,18938.70129,18402.23345,18353.80707,18882.0166
Molise,Sud,2871.74193,3081.513551,3255.381332,3346.952605,3441.952517,3556.760684,3700.745323,3774.27049,3944.107877,4056.500749,4165.850647,4406.139555,4599.443965,4532.509261,4427.830694,4345.202628,4397.481427
Campania,Sud,42978.63618,45406.20539,47053.47156,48700.01923,49976.4282,52427.62748,55620.03621,58762.14752,60548.02603,61643.04623,63506.67425,65236.18412,67252.59926,68755.46339,66758.061,66777.18144,67581.77706
Puglia,Sud,32429.58373,34695.697,35333.10165,35525.04005,37102.42765,38967.39263,41640.57804,43400.2358,44528.88627,45666.26582,46911.30481,48557.58633,50303.66453,50805.75037,49429.72732,49671.94747,50932.75668
Basilicata,Sud,4855.992606,5216.656034,5420.183204,5635.545545,5921.563318,6071.221348,6124.374843,6584.302177,6889.868313,7106.818511,7237.902039,7487.074126,7716.635077,7817.432508,7531.699756,7409.308058,7661.185412
Calabria,Sud,15306.6274,15910.26749,16591.09861,16992.06064,17705.06832,18039.76811,19222.80618,20006.17386,20943.46017,21446.64014,21983.95207,22809.45167,23522.71823,23882.55061,23785.77203,23749.38489,23980.44355
Sicilia,Sud,37845.633,40294.64193,41809.51402,42526.58722,43868.86232,45771.15417,48768.93707,50147.15207,51803.11738,53132.89733,55151.01766,56431.71937,58133.24408,59495.71987,59077.91984,59450.56835,59452.86626
Sardegna,Sud,13586.63789,14522.48459,15328.86539,15642.72062,16150.89236,16879.46293,18012.82718,18625.1741,19564.14105,20067.37114,20392.45522,21270.33934,21996.25871,22348.48785,22071.74689,22362.99951,22776.26727

