Regione,1995,1996,1997,1998,1999,2000,2001,2002,2003,2004,2005,2006,2007,2008,2009,2010,2011
Piemonte,4255.9,4247.9,4242,4235.6,4228.7,4222.2,4216.4,4222.3,4250.8,4300.2,4336,4347.3,4377,4416.9,4439.4,4451.8,4463
Valle d'Aosta - Vall√©e d'Aoste,116.9,117.3,117.8,118.4,118.8,119.1,119.4,120.2,121.5,122.5,123.4,124.4,125.4,126.5,127.5,128,128.5
Lombardia,8878.7,8891.5,8912,8933.5,8957.9,8987.6,9018.8,9071.1,9177.7,9319.9,9434.1,9510.3,9593.9,9692.6,9784.5,9872,9959.3
Bolzano-Bozen,447.3,449.5,452.1,454.7,457.2,459.8,462.2,465.3,469.5,474.4,479.9,485.2,490.8,496.4,501.1,505.5,509.9
Trento,457.1,459.6,462.4,465.5,468.8,472.4,475.8,480.3,487,494.2,500,504.8,510.2,516.6,522.3,527.1,531.7
Veneto,4404.7,4417.8,4435.4,4454.3,4474.7,4496.8,4519.2,4553.6,4610.2,4671.4,4719.1,4755.9,4802.9,4858.9,4899,4925.1,4949.6
Friuli Venezia Giulia,1181.7,1179.1,1177.5,1177.1,1177.7,1179.8,1182.4,1187.6,1194.9,1201.5,1206.5,1210.4,1217.3,1226.5,1232.5,1234.9,1236.5
Liguria,1635.1,1624,1613.5,1603.1,1592.8,1583.4,1574.5,1571.1,1574.8,1584.9,1601.2,1609,1608.9,1612.4,1615.5,1616.4,1616.5
Emilia Romagna,3896,3901.6,3910.6,3921.2,3936.3,3955.9,3975.4,4007.4,4055.4,4115.9,4169.5,4205.4,4249.5,4306.9,4357.7,4414,4447.7
Toscana,3501.6,3496.4,3493.6,3491.5,3490.9,3493.1,3496,3506.7,3541.2,3582.2,3609.1,3629,3657.6,3692.4,3719,3740,3757.3
Umbria,813.9,815.1,816.9,818.2,819.8,822.5,825.2,830.2,841.1,853.5,863.4,870.4,878.7,889.3,897.5,903.6,908.1
Marche,1436.9,1440.5,1444.8,1449.6,1454.9,1460.8,1467.6,1477.9,1494.7,1511.8,1523.8,1532.5,1544.6,1561.3,1573.6,1562.4,1567.9
Lazio,5150.8,5145.1,5138.3,5129.1,5120.4,5116.7,5116.7,5131.4,5175.5,5237.6,5287.4,5399,5527.2,5594,5654.3,5705.4,5754.3
Abruzzo,1254.9,1256.5,1258.3,1259.8,1260.8,1261.2,1261.8,1267.8,1279.6,1292.6,1302.3,1307.6,1316.9,1329.3,1336.8,1340.6,1344.2
Molise,328.7,327.6,326.3,324.9,323.4,322.1,321,320.8,321.4,321.8,321.4,320.5,320.5,320.8,320.5,320,319.6
Campania,5697.6,5709.2,5719.1,5722.8,5719.8,5712.7,5704.8,5713.2,5742.7,5774.7,5790,5790.6,5800.8,5812.3,5818.8,5829.5,5836.8
Puglia,4056.4,4055.4,4052.1,4046.3,4038.1,4030.1,4022.8,4021.7,4032.5,4054.6,4069.8,4070.7,4073.2,4078.1,4081.9,4087.6,4091.8
Basilicata,609.4,608,606.5,604.7,602.5,600.4,598.4,597.1,596.9,596.8,595.3,592.7,591.2,590.8,589.7,588.2,587.2
Calabria,2063.3,2059.2,2053.3,2045.6,2034.5,2023.4,2014.2,2008.5,2009.4,2010.3,2006.8,2001.2,2002.9,2008.2,2009,2010.4,2011.7
Sicilia,5006.8,5009.4,5010.1,5006.9,4998.3,4985.6,4971.9,4968.9,4987.7,5008.2,5015.1,5017,5023.3,5033.7,5040.4,5047,5051.9
Sardegna,1650.7,1649.7,1647.7,1644.1,1640.2,1636.6,1632.8,1634.2,1640.4,1646.6,1652.9,1657.6,1662.5,1668.3,1671.7,1673.9,1675.9

